{"cameraMode":{"drawMode":0,"name":"Shaded","section":"Shading Mode"},"sceneLighting":true,"audioPlay":false,"sceneViewState":{"m_AlwaysRefresh":false,"showFog":true,"showSkybox":true,"showFlares":true,"showImageEffects":true,"showParticleSystems":true,"showVisualEffectGraphs":true,"m_FxEnabled":true},"in2DMode":false,"pivot":{"x":45.66807174682617,"y":5.141730308532715,"z":-63.250335693359378},"rotation":{"x":-0.016363007947802545,"y":-0.9863834381103516,"z":0.13273745775222779,"w":-0.10478460788726807},"size":10.362019538879395,"orthographic":false}