{"cameraMode":{"drawMode":0,"name":"Shaded","section":"Shading Mode"},"sceneLighting":false,"audioPlay":false,"sceneViewState":{"m_AlwaysRefresh":false,"showFog":true,"showSkybox":true,"showFlares":true,"showImageEffects":true,"showParticleSystems":true,"showVisualEffectGraphs":true,"m_FxEnabled":true},"in2DMode":false,"pivot":{"x":1.2449398040771485,"y":7.586315155029297,"z":0.3731851577758789},"rotation":{"x":-0.10964769870042801,"y":0.45847073197364809,"z":-0.057327453047037128,"w":-0.882310152053833},"size":2.1534059047698976,"orthographic":false}