{"cameraMode":{"drawMode":0,"name":"Shaded","section":"Shading Mode"},"sceneLighting":false,"audioPlay":false,"sceneViewState":{"m_AlwaysRefresh":false,"showFog":true,"showSkybox":false,"showFlares":true,"showImageEffects":true,"showParticleSystems":true,"showVisualEffectGraphs":true,"m_FxEnabled":true},"in2DMode":false,"pivot":{"x":126.15727996826172,"y":-19.99078941345215,"z":23.04414176940918},"rotation":{"x":0.0645083636045456,"y":-0.14755670726299287,"z":0.014310278929769993,"w":0.9893624782562256},"size":195.84268188476563,"orthographic":false}